ISP_ID,Engineer_ID,Department,Risk_Level,Completion_Time_Minutes,Quality_Score,Reason_for_Low_Quality,Date,Low_Quality,Predicted_Low_Quality,Prediction_Probability
1,1051,Safety,Medium,55,82,Incomplete description,3/28/2023,0,0,0.23
2,1092,Engineering,High,89,98,Late submission,2/10/2023,0,0,0.02
3,1014,Maintenance,Low,50,70,No issue,5/3/2023,0,1,0.83
4,1071,Operations,Low,25,58,Poor mitigation plan,3/16/2023,1,0,0.6
5,1060,Safety,Low,48,55,Poor mitigation plan,2/11/2023,1,0,0.48
6,1020,Engineering,High,15,100,No issue,4/27/2023,0,1,0.76
7,1082,Quality,High,72,94,Poor mitigation plan,6/10/2023,0,0,0.51
8,1086,Maintenance,Medium,5,84,Incomplete description,6/27/2023,0,0,0.13
9,1074,Safety,Low,67,88,Poor mitigation plan,3/4/2023,0,1,0.89
10,1074,Safety,Medium,28,71,Poor mitigation plan,8/16/2023,0,0,0.48
11,1087,Operations,High,17,90,No issue,6/14/2023,0,0,0.12
12,1099,Operations,Medium,15,54,No issue,8/21/2023,1,0,0.51
13,1023,Quality,High,55,91,Poor mitigation plan,7/6/2023,0,0,0.2
14,1002,Quality,High,21,72,Missing risk assessment,5/7/2023,0,0,0.26
15,1021,Engineering,Medium,86,66,No issue,7/28/2023,1,0,0.1
16,1052,Engineering,Medium,28,61,Late submission,8/15/2023,1,0,0.36
17,1001,Quality,Low,23,72,Late submission,6/25/2023,0,0,0.29
18,1087,Quality,Low,41,65,Incomplete description,5/13/2023,1,0,0.44
19,1029,Maintenance,Medium,89,52,Poor mitigation plan,2/17/2023,1,1,0.8
20,1037,Operations,Low,12,79,Missing risk assessment,8/12/2023,0,0,0.53
21,1001,Engineering,High,32,71,Incomplete description,1/3/2023,0,0,0.29
22,1063,Operations,High,9,58,Poor mitigation plan,4/26/2023,1,1,0.97
23,1059,Operations,Medium,21,78,No issue,6/24/2023,0,0,0.04
24,1020,Quality,Low,40,96,Late submission,7/9/2023,0,0,0.36
25,1032,Maintenance,Low,23,86,Missing risk assessment,4/9/2023,0,0,0.54
26,1075,Safety,Low,68,72,Late submission,4/26/2023,0,1,0.8
27,1057,Maintenance,Medium,15,62,No issue,1/14/2023,1,0,0.12
28,1021,Maintenance,Medium,58,81,Poor mitigation plan,7/10/2023,0,0,0.59
29,1088,Operations,High,49,95,No issue,4/22/2023,0,0,0.64
30,1048,Maintenance,Medium,51,96,No issue,3/2/2023,0,0,0.55
31,1090,Engineering,High,16,97,Late submission,6/8/2023,0,0,0.1
32,1058,Operations,High,25,72,Missing risk assessment,4/5/2023,0,0,0.62
33,1041,Engineering,Low,15,94,No issue,1/17/2023,0,0,0.22
34,1091,Safety,High,9,66,Late submission,5/4/2023,1,1,0.92
35,1059,Operations,Low,85,89,Missing risk assessment,1/24/2023,0,0,0.61
36,1079,Safety,Low,60,70,Poor mitigation plan,4/26/2023,0,0,0.47
37,1014,Operations,Medium,24,51,Poor mitigation plan,5/31/2023,1,0,0.24
38,1061,Quality,Low,45,86,Incomplete description,3/23/2023,0,0,0.03
39,1061,Maintenance,Medium,50,55,Late submission,2/19/2023,1,1,0.8
40,1046,Quality,Medium,16,93,Missing risk assessment,7/25/2023,0,1,0.99
41,1061,Safety,Medium,74,67,No issue,3/20/2023,1,0,0.01
42,1050,Maintenance,Low,21,79,Poor mitigation plan,3/20/2023,0,0,0.69
43,1054,Operations,Medium,23,71,Missing risk assessment,3/11/2023,0,0,0.07
44,1063,Maintenance,Medium,30,82,Late submission,1/27/2023,0,0,0.33
45,1002,Engineering,Medium,52,79,Incomplete description,1/15/2023,0,0,0.23
46,1050,Maintenance,Medium,56,66,Poor mitigation plan,2/19/2023,1,1,0.89
47,1006,Engineering,Low,74,92,Missing risk assessment,2/5/2023,0,0,0.33
48,1020,Maintenance,Medium,59,81,Missing risk assessment,1/8/2023,0,0,0.16
49,1072,Engineering,Low,79,91,Missing risk assessment,3/20/2023,0,0,0.68
50,1038,Safety,Medium,37,100,Late submission,5/11/2023,0,0,0.17
51,1017,Quality,Medium,66,63,Late submission,7/9/2023,1,0,0.04
52,1003,Operations,Medium,27,59,Late submission,2/16/2023,1,0,0.6
53,1088,Maintenance,Medium,19,96,No issue,7/24/2023,0,0,0.3
54,1059,Quality,High,31,100,Missing risk assessment,4/15/2023,0,0,0.34
55,1013,Operations,High,79,85,Poor mitigation plan,4/8/2023,0,1,0.77
56,1008,Operations,High,68,83,Late submission,8/4/2023,0,1,0.87
57,1089,Engineering,High,85,58,Late submission,8/20/2023,1,0,0.55
58,1052,Safety,Low,55,91,Missing risk assessment,4/6/2023,0,1,0.8
59,1001,Safety,Low,57,77,Late submission,7/8/2023,0,1,0.84
60,1083,Quality,Medium,82,60,No issue,6/9/2023,1,0,0.51
61,1091,Safety,Low,86,63,No issue,8/10/2023,1,0,0.23
62,1059,Maintenance,Medium,55,88,Late submission,4/26/2023,0,1,0.83
63,1070,Safety,Low,51,96,Missing risk assessment,1/13/2023,0,0,0.21
64,1043,Quality,Medium,8,68,Missing risk assessment,1/1/2023,1,0,0.24
65,1007,Safety,Medium,11,64,Missing risk assessment,2/3/2023,1,0,0.34
66,1046,Maintenance,Medium,39,77,Incomplete description,7/9/2023,0,0,0.42
67,1034,Engineering,Medium,52,73,Late submission,3/20/2023,0,0,0.08
68,1077,Quality,High,77,57,Missing risk assessment,8/24/2023,1,0,0.47
69,1080,Engineering,Medium,76,92,No issue,3/19/2023,0,0,0.5
70,1035,Engineering,High,49,58,Poor mitigation plan,5/1/2023,1,0,0.2
71,1049,Engineering,Low,85,96,Poor mitigation plan,4/3/2023,0,0,0.4
72,1003,Operations,High,85,82,Missing risk assessment,4/8/2023,0,0,0.5
73,1001,Operations,Medium,76,82,Poor mitigation plan,3/23/2023,0,0,0.48
74,1005,Engineering,Low,23,68,Poor mitigation plan,7/18/2023,1,0,0.5
75,1053,Quality,Low,67,52,Incomplete description,8/9/2023,1,0,0.57
76,1003,Maintenance,Medium,42,59,No issue,6/8/2023,1,1,0.75
77,1053,Maintenance,Low,71,89,No issue,7/11/2023,0,1,0.97
78,1092,Safety,Low,63,96,Incomplete description,6/2/2023,0,1,0.79
79,1062,Quality,Medium,73,91,Incomplete description,2/7/2023,0,1,0.72
80,1017,Operations,Medium,17,50,Poor mitigation plan,1/14/2023,1,0,0.34
81,1089,Engineering,Medium,51,78,Late submission,5/16/2023,0,1,0.98
82,1043,Safety,High,65,99,Poor mitigation plan,4/1/2023,0,1,0.91
83,1033,Maintenance,Medium,35,83,Incomplete description,2/23/2023,0,1,0.7
84,1073,Operations,Medium,84,100,No issue,5/10/2023,0,0,0.34
85,1061,Operations,Low,26,62,Poor mitigation plan,7/28/2023,1,0,0.48
86,1099,Engineering,Medium,47,50,Late submission,4/11/2023,1,0,0.05
87,1013,Maintenance,Low,71,83,Poor mitigation plan,7/25/2023,0,0,0.61
88,1094,Quality,High,58,78,Missing risk assessment,3/30/2023,0,0,0.51
89,1047,Operations,High,14,97,Poor mitigation plan,2/25/2023,0,1,0.82
90,1014,Engineering,Medium,46,96,Incomplete description,4/4/2023,0,0,0.07
91,1071,Quality,Low,68,62,No issue,4/3/2023,1,1,0.75
92,1077,Maintenance,High,25,97,No issue,3/25/2023,0,1,0.86
93,1086,Operations,Medium,84,98,Incomplete description,3/26/2023,0,0,0.5
94,1061,Quality,Low,80,78,Missing risk assessment,7/8/2023,0,0,0.23
95,1039,Quality,Low,70,88,Incomplete description,1/22/2023,0,0,0.5
96,1084,Quality,Medium,45,73,Poor mitigation plan,2/4/2023,0,1,0.88
97,1079,Operations,Low,28,75,Incomplete description,8/17/2023,0,1,0.93
98,1081,Operations,High,39,66,Incomplete description,1/16/2023,1,0,0.09
99,1052,Safety,Medium,60,56,Missing risk assessment,2/19/2023,1,0,0.43
100,1023,Maintenance,Low,34,62,Poor mitigation plan,5/2/2023,1,1,0.9
101,1025,Engineering,High,61,54,Late submission,5/8/2023,1,0,0.68
102,1088,Quality,Low,51,75,Late submission,4/23/2023,0,0,0.52
103,1059,Safety,Medium,39,98,No issue,6/20/2023,0,0,0.58
104,1040,Engineering,Low,23,52,Incomplete description,1/17/2023,1,0,0.43
105,1028,Safety,Low,12,56,No issue,3/21/2023,1,1,0.74
106,1014,Operations,Medium,30,98,Missing risk assessment,7/5/2023,0,0,0.04
107,1044,Quality,Medium,75,88,Late submission,5/10/2023,0,1,0.75
108,1064,Engineering,Medium,34,50,Incomplete description,5/12/2023,1,0,0.14
109,1088,Engineering,Medium,11,98,Missing risk assessment,3/26/2023,0,1,0.94
110,1070,Engineering,Medium,71,66,Missing risk assessment,6/16/2023,1,0,0.48
111,1008,Engineering,Low,69,92,Incomplete description,8/14/2023,0,0,0.03
112,1087,Engineering,Low,40,74,Missing risk assessment,4/4/2023,0,0,0.65
113,1000,Safety,High,29,52,Incomplete description,5/14/2023,1,1,0.81
114,1007,Quality,Medium,41,64,Incomplete description,3/22/2023,1,1,0.76
115,1087,Operations,Medium,5,78,Poor mitigation plan,8/19/2023,0,1,0.77
116,1062,Operations,Low,19,92,No issue,8/5/2023,0,1,0.83
117,1010,Operations,Low,41,81,Missing risk assessment,3/10/2023,0,1,0.83
118,1080,Operations,Medium,17,75,Missing risk assessment,3/10/2023,0,0,0.06
119,1007,Safety,High,12,65,Poor mitigation plan,5/28/2023,1,0,0.02
120,1034,Maintenance,Medium,9,74,Poor mitigation plan,7/11/2023,0,1,0.85
121,1034,Quality,High,64,77,Poor mitigation plan,1/16/2023,0,0,0.45
122,1032,Engineering,Medium,77,58,Late submission,2/20/2023,1,1,0.73
123,1004,Maintenance,Low,5,50,Late submission,4/15/2023,1,0,0.64
124,1040,Operations,Medium,40,78,Late submission,6/14/2023,0,0,0.63
125,1027,Maintenance,Low,39,71,Incomplete description,8/20/2023,0,0,0.37
126,1006,Quality,Low,70,65,Missing risk assessment,7/20/2023,1,1,0.86
127,1072,Engineering,High,67,90,No issue,7/16/2023,0,0,0.52
128,1071,Engineering,Medium,27,100,Incomplete description,6/19/2023,0,0,0.66
129,1011,Quality,Medium,13,93,Missing risk assessment,7/4/2023,0,0,0.09
130,1033,Quality,Low,38,100,Missing risk assessment,3/7/2023,0,0,0.22
131,1032,Operations,Low,50,90,Poor mitigation plan,1/9/2023,0,0,0.44
132,1047,Engineering,Low,82,56,Poor mitigation plan,4/17/2023,1,0,0.47
133,1022,Maintenance,Low,8,63,Incomplete description,4/10/2023,1,0,0.53
134,1061,Safety,Medium,34,78,Poor mitigation plan,3/27/2023,0,0,0.61
135,1087,Safety,Low,79,68,Missing risk assessment,3/5/2023,1,0,0.19
136,1036,Quality,Medium,76,68,Poor mitigation plan,8/2/2023,1,0,0.27
137,1098,Operations,Low,7,51,Late submission,1/22/2023,1,1,0.99
138,1043,Safety,Low,18,90,Poor mitigation plan,6/11/2023,0,0,0.35
139,1085,Engineering,Low,64,94,Missing risk assessment,7/2/2023,0,0,0.29
140,1090,Quality,Medium,81,64,Incomplete description,6/6/2023,1,0,0.56
141,1034,Maintenance,Medium,49,52,No issue,6/15/2023,1,0,0.56
142,1064,Quality,Medium,38,60,Poor mitigation plan,4/20/2023,1,0,0.17
143,1098,Maintenance,Medium,49,95,Missing risk assessment,4/7/2023,0,0,0.27
144,1046,Quality,Medium,65,79,No issue,1/18/2023,0,0,0.04
145,1077,Quality,Low,87,89,No issue,3/12/2023,0,0,0.22
146,1002,Quality,Low,20,67,Late submission,7/12/2023,1,0,0.52
147,1000,Maintenance,High,70,100,No issue,5/7/2023,0,0,0.04
148,1004,Maintenance,Medium,44,97,Missing risk assessment,4/7/2023,0,0,0.01
149,1089,Quality,Low,21,51,Missing risk assessment,1/1/2023,1,1,0.82
150,1013,Safety,High,38,81,Poor mitigation plan,8/4/2023,0,0,0.39
151,1026,Operations,Medium,20,57,Poor mitigation plan,5/12/2023,1,0,0.07
152,1008,Operations,Low,64,71,Poor mitigation plan,1/4/2023,0,0,0.53
153,1078,Operations,Medium,70,55,No issue,5/5/2023,1,0,0.3
154,1014,Maintenance,Medium,70,61,No issue,3/23/2023,1,0,0.09
155,1089,Maintenance,Medium,17,96,Late submission,1/27/2023,0,0,0.65
156,1041,Safety,Low,60,89,Poor mitigation plan,6/20/2023,0,0,0.26
157,1076,Operations,Low,35,85,Incomplete description,2/28/2023,0,1,0.93
158,1050,Operations,Medium,38,64,Late submission,2/1/2023,1,0,0.14
159,1062,Quality,Medium,43,77,Incomplete description,6/10/2023,0,0,0.47
160,1095,Maintenance,High,71,98,No issue,1/28/2023,0,1,0.7
161,1051,Operations,Medium,12,94,Late submission,4/16/2023,0,0,0.48
162,1095,Safety,Low,82,67,Late submission,4/15/2023,1,0,0.53
163,1003,Safety,Medium,59,51,Missing risk assessment,7/2/2023,1,0,0.04
164,1093,Operations,Low,31,62,No issue,8/16/2023,1,0,0.17
165,1022,Maintenance,Medium,57,94,No issue,7/7/2023,0,0,0.5
166,1014,Safety,Medium,43,64,Late submission,3/11/2023,1,1,0.93
167,1042,Quality,Low,69,69,No issue,3/3/2023,1,1,0.96
168,1028,Safety,Medium,21,78,Late submission,7/27/2023,0,0,0.65
169,1035,Engineering,Low,34,91,Missing risk assessment,2/3/2023,0,0,0.6
170,1012,Engineering,Low,57,78,Late submission,3/28/2023,0,0,0.22
171,1031,Maintenance,Low,17,52,No issue,4/24/2023,1,0,0.15
172,1070,Operations,Low,25,68,No issue,4/16/2023,1,0,0.48
173,1058,Maintenance,High,23,52,Late submission,8/4/2023,1,0,0.39
174,1085,Maintenance,Medium,57,63,Late submission,2/25/2023,1,1,0.78
175,1027,Maintenance,Low,23,89,Late submission,4/23/2023,0,0,0.69
176,1065,Maintenance,Medium,61,53,Poor mitigation plan,1/13/2023,1,0,0.67
177,1041,Quality,Low,29,60,No issue,7/3/2023,1,1,0.81
178,1044,Quality,High,35,80,No issue,1/18/2023,0,1,0.87
179,1061,Safety,Medium,85,92,Poor mitigation plan,7/1/2023,0,0,0.31
180,1056,Engineering,Medium,59,81,Late submission,7/24/2023,0,1,0.87
181,1005,Maintenance,Low,27,76,Missing risk assessment,4/23/2023,0,1,0.83
182,1027,Safety,Medium,36,79,Late submission,8/17/2023,0,0,0.13
183,1027,Engineering,Medium,66,92,Late submission,6/20/2023,0,0,0.03
184,1043,Operations,High,78,51,Poor mitigation plan,2/8/2023,1,1,0.8
185,1083,Quality,Low,14,98,No issue,7/8/2023,0,0,0.51
186,1029,Engineering,Low,76,58,Late submission,6/19/2023,1,1,0.84
187,1061,Operations,High,58,77,No issue,7/28/2023,0,1,0.99
188,1074,Engineering,Medium,56,80,Incomplete description,3/20/2023,0,0,0.09
189,1091,Quality,Low,24,83,No issue,5/26/2023,0,1,0.86
190,1088,Quality,Low,36,64,Missing risk assessment,5/31/2023,1,0,0.36
191,1061,Safety,High,18,97,Missing risk assessment,7/1/2023,0,1,0.84
192,1096,Maintenance,Low,54,74,Late submission,1/30/2023,0,0,0.26
193,1000,Engineering,Medium,32,85,No issue,4/8/2023,0,1,0.73
194,1026,Engineering,Medium,57,57,Late submission,2/27/2023,1,0,0.41
195,1061,Operations,Low,28,58,Poor mitigation plan,7/15/2023,1,0,0.03
196,1076,Quality,Medium,83,86,Missing risk assessment,3/8/2023,0,1,0.74
197,1002,Engineering,Low,26,97,Late submission,3/12/2023,0,0,0.06
198,1069,Quality,Low,34,94,Poor mitigation plan,5/26/2023,0,0,0.5
199,1071,Engineering,Medium,67,88,Late submission,4/16/2023,0,1,0.89
200,1026,Safety,High,8,81,No issue,1/7/2023,0,1,0.76
201,1008,Maintenance,Medium,81,66,No issue,2/9/2023,1,0,0.46
202,1061,Engineering,Medium,63,84,No issue,3/11/2023,0,1,0.86
203,1036,Quality,Low,12,86,No issue,8/2/2023,0,0,0.4
204,1096,Safety,Low,86,68,Incomplete description,7/12/2023,1,0,0.32
205,1050,Engineering,Low,16,93,Poor mitigation plan,3/9/2023,0,0,0.38
206,1043,Operations,Low,35,78,Poor mitigation plan,8/26/2023,0,1,0.95
207,1023,Maintenance,Low,82,56,No issue,2/18/2023,1,0,0.43
208,1078,Engineering,Low,38,77,Incomplete description,2/21/2023,0,1,0.95
209,1058,Safety,Low,86,58,No issue,4/24/2023,1,1,0.97
210,1031,Operations,Low,79,77,Incomplete description,4/17/2023,0,0,0.41
211,1095,Safety,Medium,80,55,No issue,1/29/2023,1,0,0.05
212,1087,Safety,High,53,78,Missing risk assessment,5/29/2023,0,0,0.02
213,1051,Operations,Low,83,66,Missing risk assessment,8/6/2023,1,1,0.89
214,1061,Safety,High,61,65,Late submission,3/19/2023,1,0,0.66
215,1057,Operations,High,30,72,No issue,1/9/2023,0,0,0.04
216,1051,Engineering,Low,22,80,Poor mitigation plan,6/24/2023,0,0,0.52
217,1011,Operations,Medium,42,52,Late submission,3/17/2023,1,0,0.38
218,1038,Operations,Medium,85,70,Missing risk assessment,2/11/2023,0,0,0.58
219,1001,Maintenance,Medium,54,75,No issue,6/28/2023,0,0,0.27
220,1002,Operations,Low,12,85,Late submission,7/3/2023,0,1,0.74
221,1055,Operations,Medium,45,91,No issue,6/28/2023,0,0,0.26
222,1080,Engineering,Low,10,86,Missing risk assessment,7/17/2023,0,0,0.52
223,1058,Maintenance,Medium,73,71,Late submission,5/8/2023,0,0,0.57
224,1001,Quality,Medium,48,91,Missing risk assessment,1/20/2023,0,1,0.88
225,1001,Engineering,Medium,68,61,Incomplete description,8/4/2023,1,1,0.77
226,1091,Engineering,Medium,33,91,Missing risk assessment,6/4/2023,0,0,0.25
227,1053,Quality,Medium,32,62,No issue,6/15/2023,1,0,0.12
228,1086,Operations,Low,15,60,Poor mitigation plan,3/13/2023,1,0,0.31
229,1095,Safety,Low,69,65,Missing risk assessment,3/6/2023,1,0,0.41
230,1096,Maintenance,High,23,57,Poor mitigation plan,7/1/2023,1,1,0.84
231,1000,Safety,Low,13,89,Incomplete description,4/23/2023,0,0,0.04
232,1018,Quality,Low,31,89,Late submission,1/24/2023,0,0,0.64
233,1001,Engineering,Low,38,94,Late submission,5/8/2023,0,0,0.69
234,1052,Engineering,Low,48,51,Poor mitigation plan,6/24/2023,1,0,0.47
235,1043,Maintenance,High,72,79,Late submission,7/18/2023,0,0,0.01
236,1089,Engineering,Medium,86,79,Missing risk assessment,3/24/2023,0,0,0.28
237,1031,Engineering,High,19,61,Poor mitigation plan,8/2/2023,1,1,0.8
238,1069,Maintenance,Medium,55,59,No issue,3/4/2023,1,0,0.44
239,1031,Maintenance,Medium,17,93,Missing risk assessment,7/4/2023,0,0,0.28
240,1067,Quality,Low,87,60,Missing risk assessment,7/2/2023,1,0,0.07
241,1054,Engineering,Medium,53,64,Missing risk assessment,3/1/2023,1,0,0.58
242,1074,Engineering,Low,74,65,No issue,4/9/2023,1,0,0.47
243,1055,Quality,High,60,66,Incomplete description,3/3/2023,1,0,0.31
244,1016,Operations,High,80,75,Late submission,1/30/2023,0,1,0.84
245,1037,Operations,Low,55,51,Poor mitigation plan,8/9/2023,1,1,0.98
246,1023,Operations,High,41,99,Incomplete description,1/22/2023,0,0,0.67
247,1068,Quality,High,21,61,Poor mitigation plan,7/22/2023,1,1,0.83
248,1097,Engineering,Medium,62,100,Late submission,7/31/2023,0,0,0.07
249,1069,Quality,Low,33,75,No issue,5/6/2023,0,0,0.52
250,1085,Quality,Medium,37,72,Missing risk assessment,6/6/2023,0,0,0.67
251,1010,Operations,Medium,64,67,Missing risk assessment,6/18/2023,1,1,0.79
252,1015,Safety,Low,59,81,No issue,2/11/2023,0,1,0.95
253,1096,Engineering,Low,14,98,Incomplete description,4/8/2023,0,0,0.57
254,1072,Operations,Medium,51,87,Incomplete description,7/12/2023,0,0,0.3
255,1058,Safety,Low,27,96,Poor mitigation plan,1/31/2023,0,0,0.28
256,1069,Safety,Medium,89,52,No issue,6/7/2023,1,1,0.8
257,1079,Maintenance,High,25,87,Incomplete description,4/22/2023,0,1,0.93
258,1092,Engineering,High,17,52,No issue,5/26/2023,1,0,0.46
259,1002,Safety,Low,37,79,Late submission,5/2/2023,0,0,0.41
260,1019,Operations,High,28,50,Missing risk assessment,1/17/2023,1,1,1
261,1058,Maintenance,Low,15,79,Missing risk assessment,2/7/2023,0,0,0.6
262,1035,Engineering,Low,21,94,Missing risk assessment,5/22/2023,0,0,0.14
263,1018,Quality,Medium,72,81,No issue,8/3/2023,0,0,0.22
264,1089,Operations,Low,51,77,No issue,8/5/2023,0,0,0.09
265,1066,Safety,Low,29,70,Poor mitigation plan,7/26/2023,0,0,0.45
266,1018,Safety,Medium,77,95,Missing risk assessment,4/20/2023,0,1,0.88
267,1019,Operations,Low,25,62,Poor mitigation plan,7/3/2023,1,1,0.9
268,1095,Safety,Low,88,76,Missing risk assessment,1/22/2023,0,0,0.22
269,1070,Maintenance,Medium,87,85,Poor mitigation plan,7/14/2023,0,0,0.46
270,1051,Engineering,Medium,87,56,Poor mitigation plan,2/25/2023,1,1,0.95
271,1032,Maintenance,Medium,16,71,Late submission,4/29/2023,0,1,0.81
272,1039,Safety,Low,41,59,Poor mitigation plan,5/27/2023,1,1,0.85
273,1038,Quality,Medium,46,88,No issue,2/26/2023,0,1,0.92
274,1081,Engineering,Low,21,64,Poor mitigation plan,6/21/2023,1,0,0.17
275,1000,Engineering,Low,52,64,Missing risk assessment,8/14/2023,1,0,0.66
276,1010,Operations,Medium,32,53,Poor mitigation plan,2/4/2023,1,1,0.72
277,1091,Operations,Low,45,81,Incomplete description,4/24/2023,0,0,0.33
278,1056,Quality,Low,51,72,Missing risk assessment,5/5/2023,0,0,0.66
279,1088,Engineering,Medium,22,55,Incomplete description,5/9/2023,1,0,0.02
280,1049,Quality,Medium,82,73,Missing risk assessment,2/21/2023,0,0,0.43
281,1022,Operations,Medium,75,69,No issue,3/26/2023,1,0,0.02
282,1030,Operations,Low,17,86,No issue,8/9/2023,0,1,0.72
283,1093,Engineering,Low,86,69,No issue,7/17/2023,1,0,0.42
284,1041,Maintenance,Low,17,61,Incomplete description,6/14/2023,1,1,0.95
285,1098,Safety,Low,35,82,Late submission,3/6/2023,0,0,0.38
286,1006,Operations,Medium,6,77,Missing risk assessment,6/28/2023,0,0,0.57
287,1015,Operations,High,20,57,No issue,5/9/2023,1,0,0.57
288,1089,Maintenance,Medium,13,50,Missing risk assessment,8/7/2023,1,0,0.36
289,1059,Maintenance,Medium,77,86,Incomplete description,1/21/2023,0,0,0.31
290,1001,Quality,Medium,42,71,Late submission,6/30/2023,0,0,0.33
291,1000,Quality,Medium,79,55,Incomplete description,1/16/2023,1,1,0.95
292,1047,Safety,Low,58,70,Missing risk assessment,8/24/2023,0,0,0.2
293,1011,Safety,Medium,60,81,Late submission,5/3/2023,0,0,0.59
294,1068,Engineering,Medium,49,84,Late submission,3/2/2023,0,1,0.95
295,1036,Quality,Low,38,64,Incomplete description,2/23/2023,1,0,0.04
296,1031,Operations,Low,13,54,No issue,6/17/2023,1,0,0.24
297,1008,Quality,High,12,95,Missing risk assessment,1/26/2023,0,0,0.58
298,1098,Operations,Low,11,99,Poor mitigation plan,3/21/2023,0,1,0.72
299,1018,Maintenance,Low,40,97,Poor mitigation plan,8/8/2023,0,1,0.94
300,1047,Quality,Medium,22,55,Incomplete description,3/6/2023,1,1,0.7
301,1079,Maintenance,Medium,7,74,Missing risk assessment,4/10/2023,0,0,0.67
302,1002,Safety,Medium,32,95,Missing risk assessment,3/15/2023,0,0,0.43
303,1019,Safety,Medium,74,89,Incomplete description,7/11/2023,0,0,0.16
304,1023,Engineering,Low,48,78,Missing risk assessment,6/20/2023,0,0,0.25
305,1053,Quality,Medium,25,56,No issue,1/17/2023,1,1,0.93
306,1032,Maintenance,Low,32,89,Incomplete description,5/1/2023,0,1,0.74
307,1023,Operations,High,58,62,No issue,7/6/2023,1,0,0.5
308,1074,Safety,Medium,58,87,Missing risk assessment,1/23/2023,0,0,0.58
309,1071,Safety,Low,69,67,Incomplete description,5/15/2023,1,0,0.24
310,1035,Operations,Low,25,51,Missing risk assessment,6/21/2023,1,1,0.72
311,1037,Maintenance,Low,17,57,Incomplete description,6/30/2023,1,0,0.61
312,1083,Maintenance,Low,61,60,Missing risk assessment,3/12/2023,1,0,0.12
313,1098,Quality,Low,53,82,No issue,4/18/2023,0,0,0.31
314,1088,Quality,Medium,58,87,No issue,3/20/2023,0,0,0.63
315,1098,Engineering,Medium,14,97,Missing risk assessment,6/11/2023,0,0,0.63
316,1024,Safety,Low,57,76,Incomplete description,2/15/2023,0,0,0.37
317,1092,Quality,Low,48,69,Poor mitigation plan,8/25/2023,1,0,0.69
318,1017,Maintenance,Low,51,61,No issue,7/15/2023,1,0,0.11
319,1081,Operations,High,57,92,No issue,7/25/2023,0,0,0.02
320,1065,Maintenance,Low,78,80,Poor mitigation plan,3/19/2023,0,1,0.82
321,1053,Safety,Medium,50,76,Missing risk assessment,1/16/2023,0,1,0.73
322,1034,Maintenance,High,17,81,Incomplete description,3/12/2023,0,0,0.41
323,1079,Engineering,Medium,41,59,Missing risk assessment,4/6/2023,1,0,0.28
324,1060,Safety,High,28,52,Late submission,5/27/2023,1,1,0.79
325,1040,Operations,Low,6,94,No issue,1/2/2023,0,0,0.6
326,1099,Engineering,High,85,76,Late submission,1/10/2023,0,1,0.81
327,1032,Safety,Low,18,84,No issue,6/27/2023,0,0,0.07
328,1067,Operations,Low,14,80,No issue,5/5/2023,0,0,0.31
329,1032,Engineering,Medium,39,64,Late submission,3/22/2023,1,1,0.92
330,1013,Engineering,High,29,65,Late submission,8/17/2023,1,0,0.47
331,1020,Safety,High,7,62,Missing risk assessment,5/20/2023,1,0,0.46
332,1047,Quality,Low,21,98,Late submission,3/11/2023,0,0,0.45
333,1019,Engineering,Low,16,84,Missing risk assessment,5/30/2023,0,1,0.87
334,1007,Engineering,High,58,60,Missing risk assessment,2/1/2023,1,0,0.03
335,1006,Operations,Low,28,70,Missing risk assessment,4/15/2023,0,0,0.61
336,1066,Maintenance,Medium,33,100,No issue,3/25/2023,0,0,0.36
337,1016,Safety,High,47,60,No issue,5/9/2023,1,0,0.53
338,1032,Safety,Medium,29,79,Late submission,7/1/2023,0,0,0.27
339,1047,Quality,Low,64,97,No issue,8/27/2023,0,0,0.37
340,1075,Quality,Medium,69,84,Late submission,2/27/2023,0,0,0.48
341,1058,Safety,Low,88,71,No issue,7/17/2023,0,0,0.44
342,1085,Quality,High,32,87,Incomplete description,7/30/2023,0,0,0.27
343,1021,Operations,Medium,20,80,Incomplete description,5/26/2023,0,0,0.66
344,1029,Safety,High,51,63,Late submission,5/14/2023,1,1,0.78
345,1037,Quality,Low,85,73,No issue,2/14/2023,0,1,0.7
346,1050,Safety,High,62,99,No issue,4/7/2023,0,0,0.44
347,1053,Maintenance,Medium,80,98,Missing risk assessment,1/23/2023,0,0,0.38
348,1007,Engineering,Low,31,81,Poor mitigation plan,1/23/2023,0,1,0.76
349,1026,Safety,Low,57,85,Late submission,6/3/2023,0,0,0.45
350,1026,Engineering,Medium,46,81,Poor mitigation plan,7/24/2023,0,1,0.78
351,1097,Quality,Medium,63,64,Poor mitigation plan,5/15/2023,1,0,0.17
352,1020,Engineering,High,51,92,Late submission,3/20/2023,0,0,0.43
353,1029,Safety,Low,38,84,No issue,2/13/2023,0,1,0.76
354,1096,Maintenance,Low,41,52,Late submission,1/27/2023,1,0,0.54
355,1027,Quality,Medium,10,65,Poor mitigation plan,1/26/2023,1,0,0.56
356,1063,Safety,Low,11,54,No issue,4/7/2023,1,1,0.96
357,1096,Quality,Medium,29,70,Incomplete description,7/26/2023,0,0,0.39
358,1068,Operations,High,37,59,Late submission,2/5/2023,1,1,0.93
359,1060,Engineering,High,59,68,Late submission,4/19/2023,1,0,0.06
360,1047,Operations,High,62,74,No issue,2/24/2023,0,0,0.17
361,1018,Safety,Medium,11,53,Incomplete description,7/11/2023,1,0,0.02
362,1003,Maintenance,Low,61,78,Incomplete description,8/7/2023,0,0,0.64
363,1034,Quality,Medium,16,68,No issue,7/4/2023,1,0,0.05
364,1063,Engineering,Medium,20,92,Missing risk assessment,3/10/2023,0,0,0.1
365,1048,Quality,High,84,51,Late submission,3/2/2023,1,0,0.14
366,1016,Safety,Low,47,59,Late submission,5/10/2023,1,0,0.42
367,1043,Quality,Medium,81,92,Poor mitigation plan,2/24/2023,0,0,0.51
368,1091,Engineering,Low,11,74,No issue,5/2/2023,0,1,0.78
369,1029,Safety,Medium,55,69,Poor mitigation plan,4/7/2023,1,0,0.64
370,1092,Quality,High,77,97,Poor mitigation plan,3/21/2023,0,0,0.42
371,1045,Maintenance,Medium,36,68,Incomplete description,3/28/2023,1,1,0.74
372,1005,Safety,Low,79,72,Late submission,2/7/2023,0,1,0.72
373,1098,Safety,High,12,73,Poor mitigation plan,4/29/2023,0,1,0.99
374,1036,Maintenance,Medium,76,60,Incomplete description,7/27/2023,1,1,0.7
375,1023,Operations,Low,49,95,No issue,3/19/2023,0,0,0.12
376,1092,Engineering,Low,63,83,Poor mitigation plan,6/6/2023,0,0,0.25
377,1045,Operations,Low,8,77,Late submission,6/3/2023,0,0,0.47
378,1052,Quality,Low,71,54,Poor mitigation plan,2/4/2023,1,0,0.32
379,1094,Maintenance,High,33,54,No issue,3/20/2023,1,0,0.13
380,1098,Operations,Medium,33,100,Poor mitigation plan,3/8/2023,0,0,0.34
381,1059,Safety,High,32,70,Late submission,3/28/2023,0,0,0.5
382,1096,Quality,Low,81,61,Incomplete description,6/6/2023,1,0,0.03
383,1062,Quality,Low,83,99,Late submission,2/3/2023,0,1,0.94
384,1084,Operations,Medium,48,53,Incomplete description,4/7/2023,1,0,0.01
385,1031,Operations,Low,8,98,Missing risk assessment,6/18/2023,0,0,0.54
386,1086,Maintenance,Medium,13,91,Late submission,6/18/2023,0,0,0.59
387,1032,Engineering,High,9,69,Late submission,5/31/2023,1,0,0.39
388,1066,Operations,Medium,60,87,No issue,3/12/2023,0,0,0.51
389,1017,Operations,Medium,88,74,Poor mitigation plan,1/3/2023,0,1,0.99
390,1024,Safety,Low,54,63,Incomplete description,2/27/2023,1,0,0.68
391,1094,Quality,Low,79,60,Incomplete description,2/1/2023,1,0,0.69
392,1053,Engineering,Low,19,81,No issue,1/31/2023,0,1,0.84
393,1057,Safety,Medium,36,60,No issue,3/23/2023,1,0,0.68
394,1066,Maintenance,Low,32,67,Poor mitigation plan,2/12/2023,1,0,0.28
395,1045,Maintenance,Low,26,76,Poor mitigation plan,5/15/2023,0,0,0.3
396,1023,Operations,Medium,21,67,Late submission,4/15/2023,1,1,0.91
397,1031,Operations,Low,63,72,Missing risk assessment,1/1/2023,0,1,0.91
398,1046,Maintenance,Low,75,60,Poor mitigation plan,3/2/2023,1,0,0.2
399,1085,Operations,Low,61,70,No issue,1/14/2023,0,0,0.24
400,1022,Engineering,High,30,93,Poor mitigation plan,6/29/2023,0,0,0.54
401,1065,Operations,Medium,29,54,Incomplete description,8/12/2023,1,0,0.2
402,1026,Quality,Medium,14,72,Missing risk assessment,1/6/2023,0,1,0.75
403,1001,Operations,Low,49,90,Late submission,4/13/2023,0,1,0.92
404,1089,Safety,High,87,74,Incomplete description,1/10/2023,0,0,0.64
405,1016,Engineering,Medium,15,90,Incomplete description,3/12/2023,0,0,0.25
406,1032,Safety,Low,81,59,Missing risk assessment,3/31/2023,1,0,0.22
407,1008,Safety,High,57,71,Late submission,8/14/2023,0,1,0.78
408,1042,Quality,Low,76,68,No issue,6/7/2023,1,0,0.43
409,1047,Engineering,Medium,72,50,Late submission,8/16/2023,1,1,0.75
410,1038,Engineering,Medium,32,56,Poor mitigation plan,5/29/2023,1,0,0.6
411,1092,Engineering,Low,79,53,Incomplete description,5/6/2023,1,0,0.67
412,1041,Engineering,High,69,50,Poor mitigation plan,7/7/2023,1,0,0.44
413,1025,Engineering,Medium,53,64,No issue,7/28/2023,1,1,0.93
414,1098,Quality,Medium,51,89,Poor mitigation plan,4/7/2023,0,0,0.32
415,1049,Operations,Low,56,61,Late submission,3/15/2023,1,0,0.41
416,1024,Safety,Low,58,71,Poor mitigation plan,4/25/2023,0,0,0.44
417,1023,Engineering,Low,64,71,No issue,7/10/2023,0,0,0.41
418,1012,Operations,Medium,61,99,No issue,8/27/2023,0,0,0.41
419,1059,Operations,Low,51,96,No issue,6/19/2023,0,0,0.41
420,1006,Safety,Medium,35,66,Late submission,2/20/2023,1,0,0.63
421,1056,Quality,Medium,50,78,No issue,7/11/2023,0,0,0.41
422,1035,Maintenance,Low,30,95,Incomplete description,7/23/2023,0,0,0.62
423,1044,Maintenance,Medium,9,63,No issue,2/25/2023,1,0,0.03
424,1019,Operations,Low,88,99,Poor mitigation plan,7/27/2023,0,1,0.95
425,1064,Safety,High,56,69,Poor mitigation plan,2/10/2023,1,1,0.94
426,1007,Maintenance,Medium,79,99,Poor mitigation plan,2/1/2023,0,0,0.47
427,1015,Operations,Low,58,97,Late submission,1/15/2023,0,0,0.52
428,1013,Quality,Low,37,82,Poor mitigation plan,3/3/2023,0,0,0.26
429,1075,Maintenance,Medium,54,92,Late submission,6/4/2023,0,1,0.91
430,1086,Operations,Medium,42,64,Late submission,1/28/2023,1,1,0.93
431,1014,Operations,Medium,31,61,No issue,7/28/2023,1,1,0.71
432,1091,Engineering,Medium,19,89,Incomplete description,3/5/2023,0,0,0.31
433,1097,Quality,Low,65,69,No issue,8/26/2023,1,0,0.11
434,1065,Engineering,Low,25,79,No issue,7/6/2023,0,0,0.34
435,1031,Safety,Low,50,87,Late submission,7/5/2023,0,0,0.19
436,1086,Engineering,Medium,73,52,Late submission,5/10/2023,1,1,0.93
437,1062,Engineering,High,10,77,Poor mitigation plan,5/7/2023,0,0,0.12
438,1085,Maintenance,Medium,42,75,Poor mitigation plan,2/5/2023,0,1,0.99
439,1050,Operations,Low,66,79,No issue,4/24/2023,0,0,0.64
440,1024,Quality,Medium,66,62,Missing risk assessment,7/18/2023,1,0,0.42
441,1057,Engineering,High,86,62,Missing risk assessment,1/13/2023,1,0,0.12
442,1062,Quality,Medium,82,51,Poor mitigation plan,1/15/2023,1,0,0.56
443,1061,Engineering,High,78,86,Missing risk assessment,3/30/2023,0,0,0.11
444,1021,Safety,Low,50,98,Poor mitigation plan,8/3/2023,0,0,0.02
445,1057,Engineering,Low,17,87,Late submission,7/7/2023,0,1,0.74
446,1057,Maintenance,High,7,51,No issue,1/22/2023,1,1,0.95
447,1085,Operations,Medium,10,85,Incomplete description,7/10/2023,0,0,0.19
448,1048,Safety,Low,12,75,No issue,8/6/2023,0,0,0.61
449,1051,Engineering,Medium,48,60,Poor mitigation plan,8/13/2023,1,0,0.04
450,1041,Quality,High,37,57,Poor mitigation plan,7/22/2023,1,0,0.13
451,1069,Safety,Medium,85,93,No issue,3/15/2023,0,0,0.65
452,1014,Safety,Medium,79,89,Poor mitigation plan,1/25/2023,0,0,0.14
453,1053,Engineering,Low,81,92,Missing risk assessment,4/11/2023,0,0,0.17
454,1059,Safety,Medium,54,71,Missing risk assessment,6/25/2023,0,0,0.53
455,1096,Quality,Medium,15,69,Poor mitigation plan,6/20/2023,1,0,0.49
456,1007,Safety,High,32,57,Poor mitigation plan,4/27/2023,1,0,0.59
457,1052,Quality,High,74,78,Missing risk assessment,6/15/2023,0,1,0.98
458,1059,Engineering,High,45,89,Poor mitigation plan,2/10/2023,0,1,0.84
459,1004,Operations,Low,20,75,Poor mitigation plan,6/22/2023,0,1,0.7
460,1067,Safety,Medium,72,79,No issue,3/29/2023,0,0,0.6
461,1005,Operations,Medium,52,66,Incomplete description,6/17/2023,1,0,0.45
462,1095,Quality,Medium,60,69,Missing risk assessment,4/20/2023,1,0,0.52
463,1093,Safety,Medium,68,65,No issue,4/30/2023,1,0,0.16
464,1046,Maintenance,High,63,95,Incomplete description,4/7/2023,0,0,0.25
465,1098,Operations,Medium,66,92,Poor mitigation plan,5/25/2023,0,0,0.54
466,1054,Safety,Medium,80,56,Poor mitigation plan,8/4/2023,1,0,0.61
467,1039,Operations,Low,15,65,No issue,8/17/2023,1,0,0.5
468,1051,Safety,Low,22,94,Poor mitigation plan,2/26/2023,0,0,0.13
469,1015,Engineering,Medium,23,96,Late submission,5/10/2023,0,0,0.28
470,1012,Operations,Medium,59,97,No issue,4/6/2023,0,0,0.46
471,1029,Maintenance,Low,86,76,Incomplete description,5/1/2023,0,1,0.78
472,1018,Maintenance,Low,30,72,No issue,3/3/2023,0,0,0.42
473,1016,Quality,Medium,10,73,Missing risk assessment,8/4/2023,0,0,0.68
474,1062,Safety,Low,8,58,No issue,5/17/2023,1,0,0.39
475,1018,Operations,Low,33,84,Poor mitigation plan,3/9/2023,0,0,0.54
476,1091,Quality,Low,63,100,Poor mitigation plan,3/22/2023,0,0,0.29
477,1057,Operations,Low,21,69,Late submission,1/17/2023,1,0,0.61
478,1054,Safety,Low,47,86,Late submission,4/27/2023,0,1,0.74
479,1089,Maintenance,Low,84,91,Late submission,2/19/2023,0,0,0.59
480,1089,Engineering,Medium,70,66,Incomplete description,4/22/2023,1,0,0.08
481,1061,Maintenance,High,38,96,Late submission,4/4/2023,0,0,0.13
482,1022,Quality,Medium,12,80,Incomplete description,6/17/2023,0,1,0.78
483,1008,Engineering,Medium,17,57,Late submission,7/5/2023,1,1,0.81
484,1011,Quality,Low,12,64,Incomplete description,7/22/2023,1,0,0.3
485,1000,Safety,Low,69,80,No issue,3/26/2023,0,0,0.12
486,1057,Engineering,Medium,47,79,No issue,5/29/2023,0,1,0.97
487,1000,Quality,Low,43,95,Poor mitigation plan,5/26/2023,0,0,0.32
488,1033,Safety,Medium,85,69,Incomplete description,7/2/2023,1,1,0.71
489,1095,Maintenance,Medium,63,88,Missing risk assessment,6/6/2023,0,1,0.91
490,1047,Safety,Medium,88,61,Poor mitigation plan,6/1/2023,1,0,0.63
491,1088,Operations,Low,48,98,No issue,3/15/2023,0,0,0.55
492,1000,Safety,Low,13,66,Incomplete description,4/19/2023,1,0,0.35
493,1015,Safety,Medium,41,91,Late submission,5/25/2023,0,0,0.17
494,1060,Operations,Low,78,79,Missing risk assessment,1/18/2023,0,0,0.45
495,1063,Quality,Medium,40,78,No issue,2/11/2023,0,0,0.62
496,1062,Quality,Medium,32,68,Poor mitigation plan,8/28/2023,1,0,0.68
497,1068,Safety,High,46,95,Incomplete description,7/31/2023,0,1,0.96
498,1021,Operations,Low,47,60,Missing risk assessment,4/11/2023,1,1,0.94
499,1092,Operations,High,89,83,Incomplete description,2/14/2023,0,0,0.22
500,1066,Maintenance,Medium,46,99,Late submission,3/23/2023,0,0,0.19
501,1075,Quality,Low,70,56,Poor mitigation plan,1/17/2023,1,1,0.83
502,1025,Engineering,Low,59,93,Incomplete description,3/14/2023,0,0,0.3
503,1015,Quality,Medium,76,83,No issue,1/14/2023,0,1,0.82
504,1050,Quality,Low,52,69,Poor mitigation plan,6/26/2023,1,0,0.51
505,1085,Maintenance,Low,26,99,No issue,6/6/2023,0,0,0.01
506,1056,Engineering,Low,31,87,Incomplete description,8/11/2023,0,0,0.46
507,1028,Maintenance,High,71,73,Poor mitigation plan,5/12/2023,0,0,0.42
508,1077,Engineering,Medium,17,59,No issue,3/23/2023,1,0,0.38
509,1091,Safety,Medium,49,81,Late submission,5/28/2023,0,1,0.91
510,1068,Engineering,Low,14,64,Late submission,4/30/2023,1,1,0.98
511,1046,Maintenance,Low,13,86,Incomplete description,4/30/2023,0,0,0.07
512,1093,Quality,Medium,58,69,Poor mitigation plan,2/16/2023,1,0,0.04
513,1061,Engineering,Medium,31,52,Missing risk assessment,4/17/2023,1,0,0.3
514,1068,Engineering,Low,38,86,Poor mitigation plan,4/18/2023,0,0,0.42
515,1075,Operations,Medium,5,89,Late submission,1/9/2023,0,0,0.31
516,1015,Quality,High,36,57,No issue,7/24/2023,1,0,0.27
517,1089,Safety,Medium,75,89,Missing risk assessment,3/20/2023,0,0,0.46
518,1089,Maintenance,Medium,71,93,Incomplete description,6/4/2023,0,0,0.07
519,1047,Safety,High,88,72,Missing risk assessment,1/15/2023,0,1,0.89
520,1084,Quality,Low,24,89,Incomplete description,8/8/2023,0,0,0.47
521,1038,Engineering,Medium,39,60,Missing risk assessment,8/17/2023,1,0,0.25
522,1099,Engineering,High,82,95,Incomplete description,1/19/2023,0,1,0.71
523,1032,Quality,Low,21,57,Incomplete description,3/31/2023,1,0,0.24
524,1093,Engineering,Medium,22,78,Missing risk assessment,6/29/2023,0,1,0.92
525,1022,Engineering,Medium,49,79,Missing risk assessment,1/26/2023,0,0,0.4
526,1009,Engineering,Medium,88,59,Incomplete description,8/5/2023,1,1,0.71
527,1068,Maintenance,Medium,57,88,Late submission,6/3/2023,0,0,0.24
528,1099,Maintenance,High,86,77,Missing risk assessment,6/3/2023,0,0,0.67
529,1033,Operations,Medium,72,98,Poor mitigation plan,6/23/2023,0,1,0.81
530,1051,Safety,Low,69,85,No issue,4/2/2023,0,0,0.12
531,1094,Quality,High,5,62,Incomplete description,6/26/2023,1,0,0.32
532,1009,Quality,Low,62,81,Incomplete description,3/23/2023,0,0,0.05
533,1018,Quality,Low,30,85,No issue,8/12/2023,0,0,0.55
534,1057,Operations,Medium,24,86,Late submission,6/30/2023,0,0,0.24
535,1095,Maintenance,Medium,14,75,No issue,5/11/2023,0,0,0.47
536,1000,Operations,Medium,63,71,Missing risk assessment,7/13/2023,0,0,0.6
537,1068,Quality,High,79,53,No issue,8/13/2023,1,1,0.88
538,1003,Safety,Medium,45,80,Incomplete description,2/11/2023,0,1,0.77
539,1015,Engineering,Medium,9,67,No issue,1/19/2023,1,0,0.54
540,1023,Maintenance,Low,69,87,Poor mitigation plan,1/17/2023,0,0,0.65
541,1079,Maintenance,High,21,73,Missing risk assessment,8/24/2023,0,0,0.56
542,1001,Operations,High,26,72,No issue,6/10/2023,0,1,0.91
543,1091,Maintenance,Medium,45,71,Incomplete description,3/17/2023,0,1,0.92
544,1031,Quality,Low,72,51,Missing risk assessment,6/26/2023,1,1,0.91
545,1090,Quality,Low,73,80,Incomplete description,7/3/2023,0,0,0.04
546,1083,Operations,Low,15,60,Late submission,3/4/2023,1,1,0.77
547,1023,Quality,Low,60,77,Poor mitigation plan,5/11/2023,0,1,0.74
548,1011,Safety,Low,55,95,Late submission,4/17/2023,0,1,0.82
549,1049,Operations,High,25,81,Poor mitigation plan,2/18/2023,0,1,0.95
550,1034,Safety,Medium,80,54,No issue,2/24/2023,1,1,0.98
551,1032,Engineering,Low,30,87,Missing risk assessment,6/3/2023,0,1,0.7
552,1032,Safety,Low,23,59,No issue,4/9/2023,1,0,0.42
553,1060,Engineering,Low,64,89,Poor mitigation plan,7/19/2023,0,0,0.18
554,1050,Engineering,Low,75,95,Poor mitigation plan,2/21/2023,0,1,0.8
555,1042,Safety,Low,51,73,Poor mitigation plan,4/10/2023,0,0,0.49
556,1011,Operations,Low,75,84,Incomplete description,4/27/2023,0,0,0.07
557,1066,Quality,Medium,30,93,Missing risk assessment,4/28/2023,0,0,0.05
558,1064,Quality,High,44,97,No issue,1/7/2023,0,1,0.81
559,1032,Engineering,Low,9,72,No issue,2/15/2023,0,0,0.08
560,1039,Engineering,Medium,25,66,Late submission,2/15/2023,1,0,0.52
561,1073,Operations,High,82,50,Poor mitigation plan,4/10/2023,1,0,0.38
562,1042,Maintenance,Low,8,80,Poor mitigation plan,5/24/2023,0,0,0.54
563,1043,Safety,Low,27,80,Poor mitigation plan,6/1/2023,0,0,0.59
564,1028,Engineering,High,88,91,No issue,7/8/2023,0,0,0.65
565,1012,Quality,Low,19,91,Late submission,2/23/2023,0,0,0.57
566,1011,Operations,Medium,12,83,Incomplete description,3/3/2023,0,1,0.78
567,1094,Safety,Medium,45,58,Missing risk assessment,5/9/2023,1,1,0.89
568,1045,Operations,Low,23,71,Incomplete description,2/18/2023,0,1,0.71
569,1001,Safety,Low,50,62,No issue,1/25/2023,1,0,0.21
570,1034,Safety,Medium,32,74,Poor mitigation plan,1/10/2023,0,0,0.13
571,1086,Engineering,Low,72,97,Missing risk assessment,4/28/2023,0,1,0.86
572,1080,Operations,Low,19,67,No issue,7/27/2023,1,1,0.78
573,1089,Operations,Medium,41,100,No issue,5/24/2023,0,1,0.76
574,1007,Quality,Medium,5,61,No issue,7/5/2023,1,0,0.05
575,1092,Quality,Low,71,89,Missing risk assessment,7/19/2023,0,0,0.45
576,1025,Engineering,High,28,66,Missing risk assessment,6/6/2023,1,1,0.75
577,1073,Engineering,Low,31,64,Late submission,8/19/2023,1,0,0.33
578,1089,Maintenance,High,44,91,Late submission,4/2/2023,0,0,0.4
579,1033,Quality,Medium,67,64,Incomplete description,5/14/2023,1,1,0.71
580,1006,Safety,Medium,65,64,Missing risk assessment,5/24/2023,1,0,0.29
581,1067,Operations,Medium,40,88,Missing risk assessment,5/28/2023,0,0,0.1
582,1057,Engineering,High,28,62,Missing risk assessment,3/21/2023,1,1,1
583,1074,Operations,Low,28,66,Late submission,3/12/2023,1,0,0.3
584,1028,Operations,Medium,8,81,No issue,8/21/2023,0,0,0.14
585,1035,Maintenance,Low,71,58,Poor mitigation plan,3/19/2023,1,0,0.64
586,1088,Quality,Low,38,89,Late submission,2/12/2023,0,0,0.13
587,1020,Engineering,Low,61,69,Missing risk assessment,6/3/2023,1,0,0.37
588,1035,Operations,High,53,75,Late submission,3/31/2023,0,0,0.38
589,1009,Engineering,High,57,76,Incomplete description,3/19/2023,0,0,0.63
590,1072,Safety,Low,27,70,Missing risk assessment,7/18/2023,0,0,0.32
591,1023,Maintenance,Low,73,67,Incomplete description,6/10/2023,1,1,0.77
592,1063,Safety,Medium,57,62,Missing risk assessment,1/26/2023,1,0,0.51
593,1098,Engineering,Medium,66,65,Late submission,5/1/2023,1,0,0.6
594,1048,Engineering,Low,45,58,No issue,2/14/2023,1,0,0.32
595,1098,Quality,Medium,61,61,Poor mitigation plan,7/31/2023,1,1,0.86
596,1035,Operations,Medium,64,93,Incomplete description,3/4/2023,0,0,0.58
597,1081,Operations,High,58,87,Late submission,7/14/2023,0,1,0.97
598,1095,Safety,Low,74,68,No issue,6/29/2023,1,0,0.62
599,1023,Maintenance,Medium,61,56,Late submission,3/9/2023,1,1,0.7
600,1022,Operations,Medium,14,84,Incomplete description,6/3/2023,0,0,0.58
601,1061,Quality,Medium,44,97,Poor mitigation plan,7/22/2023,0,0,0
602,1095,Safety,Medium,11,67,Late submission,1/2/2023,1,0,0.68
603,1036,Safety,Medium,42,65,Missing risk assessment,5/22/2023,1,1,0.74
604,1011,Quality,Low,89,88,No issue,4/18/2023,0,0,0.06
605,1054,Maintenance,High,65,53,Late submission,1/30/2023,1,0,0.62
606,1012,Quality,Medium,88,74,No issue,2/18/2023,0,0,0.63
607,1022,Maintenance,Low,7,81,Missing risk assessment,5/20/2023,0,1,0.87
608,1088,Quality,Medium,55,89,Poor mitigation plan,8/6/2023,0,0,0.6
609,1098,Quality,Low,51,62,Poor mitigation plan,2/13/2023,1,0,0.54
610,1029,Engineering,Low,72,94,Missing risk assessment,6/10/2023,0,1,0.9
611,1016,Safety,High,80,66,No issue,1/13/2023,1,0,0.17
612,1061,Quality,Medium,42,98,Late submission,3/19/2023,0,1,0.96
613,1083,Quality,Medium,40,86,Missing risk assessment,8/4/2023,0,0,0.32
614,1088,Operations,Low,45,55,Incomplete description,5/6/2023,1,0,0.49
615,1085,Safety,Medium,73,68,No issue,4/8/2023,1,0,0.44
616,1012,Operations,Low,17,62,Poor mitigation plan,8/24/2023,1,0,0.12
617,1058,Safety,Low,62,75,Missing risk assessment,1/26/2023,0,0,0.63
618,1018,Operations,High,54,63,Poor mitigation plan,5/29/2023,1,0,0.35
619,1048,Quality,Medium,34,80,No issue,6/5/2023,0,0,0.63
620,1099,Quality,Medium,66,53,Poor mitigation plan,2/17/2023,1,0,0.07
621,1011,Engineering,Low,29,88,Missing risk assessment,8/16/2023,0,0,0.58
622,1060,Operations,High,31,57,No issue,6/17/2023,1,0,0.2
623,1018,Maintenance,Medium,55,74,Incomplete description,3/7/2023,0,0,0.03
624,1075,Engineering,Medium,82,62,Missing risk assessment,8/22/2023,1,1,0.93
625,1008,Operations,Medium,61,81,Late submission,7/20/2023,0,1,0.79
626,1070,Operations,Low,51,87,Missing risk assessment,3/28/2023,0,1,0.89
627,1027,Engineering,Low,43,87,No issue,3/20/2023,0,1,0.78
628,1077,Quality,Medium,20,77,Missing risk assessment,7/24/2023,0,0,0.48
629,1094,Operations,Low,26,79,Incomplete description,1/23/2023,0,1,0.86
630,1051,Quality,Low,89,52,Incomplete description,3/22/2023,1,1,0.8
631,1082,Engineering,High,58,77,Late submission,2/17/2023,0,1,0.85
632,1015,Quality,Medium,25,52,Poor mitigation plan,5/4/2023,1,1,0.94
633,1068,Safety,Medium,76,94,No issue,5/10/2023,0,0,0.12
634,1098,Maintenance,Medium,20,83,No issue,3/25/2023,0,1,1
635,1011,Operations,Medium,63,65,Poor mitigation plan,1/20/2023,1,0,0.69
636,1024,Maintenance,Low,35,71,Incomplete description,7/6/2023,0,0,0.43
637,1051,Quality,Low,46,81,Incomplete description,2/15/2023,0,0,0.19
638,1084,Operations,Low,78,87,Missing risk assessment,5/11/2023,0,0,0.37
639,1099,Quality,Low,36,57,Late submission,7/2/2023,1,0,0.66
640,1052,Safety,Medium,63,57,Late submission,1/12/2023,1,0,0.1
641,1022,Engineering,Low,38,55,Late submission,2/9/2023,1,0,0.27
642,1015,Operations,Medium,13,63,Missing risk assessment,3/7/2023,1,0,0.49
643,1056,Safety,Low,85,81,Late submission,4/10/2023,0,0,0.42
644,1038,Safety,Low,15,84,Poor mitigation plan,3/19/2023,0,0,0.35
645,1052,Operations,Medium,14,59,Missing risk assessment,1/16/2023,1,0,0.37
646,1041,Quality,Low,21,52,Poor mitigation plan,3/24/2023,1,0,0.61
647,1057,Safety,Low,72,61,Missing risk assessment,6/11/2023,1,0,0.63
648,1038,Maintenance,Low,52,98,Late submission,2/13/2023,0,0,0.56
649,1013,Safety,Low,56,80,Poor mitigation plan,8/26/2023,0,0,0.12
650,1094,Quality,Medium,29,78,Poor mitigation plan,5/14/2023,0,0,0.67
651,1004,Quality,Low,25,54,Poor mitigation plan,7/24/2023,1,1,0.76
652,1034,Maintenance,Low,69,74,Missing risk assessment,7/11/2023,0,0,0.55
653,1086,Safety,Medium,67,90,No issue,4/10/2023,0,0,0.56
654,1092,Quality,Low,55,80,Late submission,1/22/2023,0,0,0.25
655,1074,Operations,High,40,70,Poor mitigation plan,1/18/2023,0,0,0.29
656,1017,Engineering,Medium,85,69,No issue,1/12/2023,1,1,0.93
657,1075,Engineering,Medium,70,88,Late submission,6/29/2023,0,0,0.08
658,1008,Engineering,Medium,19,71,Late submission,5/3/2023,0,0,0.49
659,1073,Safety,Low,43,53,Poor mitigation plan,8/10/2023,1,1,0.98
660,1057,Maintenance,Medium,74,62,Poor mitigation plan,4/27/2023,1,0,0.15
661,1016,Quality,Low,5,94,Missing risk assessment,2/20/2023,0,1,0.84
662,1006,Operations,High,27,91,No issue,8/20/2023,0,0,0.37
663,1045,Operations,Low,43,99,No issue,3/12/2023,0,0,0.5
664,1012,Safety,Medium,61,98,Poor mitigation plan,8/12/2023,0,1,0.73
665,1039,Engineering,Medium,85,69,Late submission,2/17/2023,1,0,0.49
666,1041,Safety,Low,38,62,Poor mitigation plan,1/19/2023,1,0,0.69
667,1008,Maintenance,Low,45,66,Late submission,1/6/2023,1,0,0.22
668,1049,Maintenance,Medium,77,85,Late submission,3/25/2023,0,0,0.16
669,1026,Quality,High,17,82,Poor mitigation plan,6/4/2023,0,0,0.56
670,1065,Quality,Low,74,50,Incomplete description,2/22/2023,1,0,0.59
671,1004,Maintenance,Medium,10,64,No issue,4/17/2023,1,0,0.42
672,1028,Maintenance,High,88,62,Late submission,4/11/2023,1,0,0.09
673,1036,Maintenance,High,56,66,Late submission,2/17/2023,1,1,0.96
674,1037,Safety,Low,7,73,Incomplete description,5/15/2023,0,0,0.22
675,1082,Maintenance,Medium,85,57,Missing risk assessment,7/6/2023,1,0,0.46
676,1007,Operations,Low,67,99,Incomplete description,3/10/2023,0,0,0.27
677,1064,Engineering,High,53,76,Incomplete description,1/11/2023,0,1,0.88
678,1085,Maintenance,Medium,80,94,Late submission,5/23/2023,0,0,0.66
679,1016,Engineering,Low,51,72,No issue,7/11/2023,0,0,0.22
680,1070,Safety,Medium,59,95,Incomplete description,5/11/2023,0,1,0.91
681,1088,Engineering,Low,68,57,Missing risk assessment,5/2/2023,1,0,0.13
682,1044,Safety,High,69,57,Poor mitigation plan,3/10/2023,1,0,0.26
683,1003,Operations,High,85,75,Incomplete description,1/23/2023,0,0,0.62
684,1035,Safety,Medium,71,96,Incomplete description,6/30/2023,0,1,0.81
685,1069,Safety,Low,19,62,Missing risk assessment,2/6/2023,1,1,0.84
686,1030,Quality,Medium,36,88,No issue,1/9/2023,0,1,0.71
687,1018,Maintenance,Low,72,86,Incomplete description,1/15/2023,0,1,0.8
688,1060,Maintenance,Low,22,98,Incomplete description,5/11/2023,0,0,0.11
689,1053,Operations,High,87,77,No issue,4/3/2023,0,0,0.04
690,1038,Operations,Low,47,74,Missing risk assessment,7/17/2023,0,0,0.64
691,1090,Maintenance,Low,39,65,Incomplete description,1/17/2023,1,0,0.44
692,1073,Quality,High,82,51,No issue,6/3/2023,1,1,0.78
693,1089,Maintenance,Low,62,67,Incomplete description,5/29/2023,1,0,0.51
694,1018,Quality,Low,37,66,Poor mitigation plan,3/13/2023,1,0,0.29
695,1038,Operations,High,18,79,Late submission,5/29/2023,0,0,0.68
696,1066,Engineering,Low,38,88,Poor mitigation plan,5/1/2023,0,0,0.14
697,1044,Operations,Medium,65,62,Incomplete description,1/11/2023,1,1,0.86
698,1012,Operations,High,8,81,Missing risk assessment,6/15/2023,0,0,0.66
699,1091,Safety,High,63,99,Late submission,3/13/2023,0,1,0.97
700,1057,Safety,Medium,33,78,Poor mitigation plan,4/16/2023,0,0,0.48
701,1019,Safety,Low,87,95,No issue,8/4/2023,0,0,0.3
702,1091,Safety,Low,10,79,Missing risk assessment,5/5/2023,0,1,0.7
703,1071,Quality,High,53,67,Poor mitigation plan,2/4/2023,1,1,0.93
704,1060,Maintenance,High,44,62,No issue,4/29/2023,1,0,0.34
705,1038,Engineering,Medium,87,92,Incomplete description,1/14/2023,0,0,0.33
706,1000,Operations,Low,69,70,No issue,1/14/2023,0,0,0.22
707,1002,Quality,Low,73,79,Poor mitigation plan,1/10/2023,0,0,0.37
708,1076,Engineering,Low,31,70,Poor mitigation plan,5/20/2023,0,0,0.21
709,1091,Quality,Medium,84,97,Incomplete description,2/7/2023,0,0,0.17
710,1061,Quality,Medium,10,66,No issue,4/18/2023,1,0,0.15
711,1062,Operations,High,17,89,No issue,4/29/2023,0,0,0.17
712,1024,Maintenance,Medium,68,68,Incomplete description,8/26/2023,1,0,0.29
713,1055,Safety,Low,66,64,No issue,2/3/2023,1,1,0.83
714,1032,Maintenance,Medium,23,58,Incomplete description,6/18/2023,1,1,0.82
715,1037,Operations,Medium,80,59,Missing risk assessment,1/10/2023,1,0,0.38
716,1005,Operations,Medium,84,93,Poor mitigation plan,5/2/2023,0,1,0.72
717,1057,Operations,Medium,47,80,Missing risk assessment,5/25/2023,0,0,0.13
718,1043,Engineering,High,78,72,Late submission,5/25/2023,0,0,0.37
719,1044,Maintenance,High,24,79,Late submission,7/14/2023,0,0,0.63
720,1031,Maintenance,Low,72,82,Late submission,7/9/2023,0,0,0.5
721,1044,Quality,Low,48,58,Incomplete description,8/11/2023,1,1,0.96
722,1060,Quality,Medium,27,96,No issue,4/25/2023,0,1,0.74
723,1046,Quality,Low,6,50,Missing risk assessment,1/1/2023,1,1,0.95
724,1020,Operations,Low,26,93,Missing risk assessment,1/12/2023,0,0,0.67
725,1079,Maintenance,Low,61,84,Missing risk assessment,4/13/2023,0,1,0.93
726,1084,Operations,Medium,76,60,Missing risk assessment,1/4/2023,1,0,0.67
727,1074,Engineering,Low,11,83,Late submission,6/19/2023,0,1,0.97
728,1035,Quality,Medium,82,65,Missing risk assessment,5/21/2023,1,0,0.64
729,1098,Operations,High,60,58,No issue,4/8/2023,1,0,0.22
730,1018,Operations,Low,71,81,Late submission,4/16/2023,0,1,0.92
731,1019,Engineering,Low,20,64,Missing risk assessment,3/26/2023,1,0,0.07
732,1056,Safety,Low,87,61,Incomplete description,8/2/2023,1,0,0.09
733,1017,Maintenance,High,55,82,Poor mitigation plan,5/1/2023,0,0,0.57
734,1046,Safety,Low,86,94,Poor mitigation plan,5/12/2023,0,0,0.67
735,1048,Quality,Low,84,63,Poor mitigation plan,3/23/2023,1,0,0.34
736,1013,Operations,Low,76,57,Late submission,7/16/2023,1,0,0.34
737,1014,Engineering,Medium,16,57,Missing risk assessment,1/19/2023,1,0,0.39
738,1030,Engineering,Medium,57,76,Late submission,5/10/2023,0,0,0.43
739,1000,Maintenance,Medium,79,61,No issue,1/12/2023,1,0,0.11
740,1053,Safety,High,9,50,Incomplete description,3/22/2023,1,1,0.75
741,1002,Maintenance,Low,31,92,Incomplete description,3/15/2023,0,1,0.87
742,1015,Operations,High,16,89,Poor mitigation plan,4/8/2023,0,1,0.84
743,1086,Maintenance,Low,21,91,Poor mitigation plan,1/6/2023,0,1,0.9
744,1056,Engineering,High,10,100,Poor mitigation plan,5/16/2023,0,0,0.09
745,1074,Engineering,Medium,9,60,Missing risk assessment,5/5/2023,1,0,0.26
746,1011,Quality,High,61,88,No issue,2/20/2023,0,1,0.86
747,1073,Quality,Low,32,92,No issue,1/11/2023,0,0,0.26
748,1095,Operations,Low,82,80,No issue,7/10/2023,0,0,0.66
749,1015,Safety,Low,73,66,No issue,7/4/2023,1,1,0.97
750,1071,Maintenance,Low,63,82,Poor mitigation plan,5/7/2023,0,0,0.05
751,1075,Operations,Low,37,81,Incomplete description,5/20/2023,0,0,0.52
752,1023,Quality,Low,66,78,Poor mitigation plan,3/14/2023,0,0,0.27
753,1027,Maintenance,Low,54,70,No issue,1/2/2023,0,0,0.35
754,1007,Quality,Medium,23,70,Poor mitigation plan,1/8/2023,0,0,0.35
755,1091,Maintenance,High,73,89,No issue,5/19/2023,0,1,0.93
756,1035,Safety,Medium,70,72,Late submission,5/4/2023,0,1,0.83
757,1089,Operations,Low,51,55,Incomplete description,2/22/2023,1,1,0.99
758,1007,Maintenance,Medium,43,71,Late submission,8/16/2023,0,1,0.73
759,1057,Engineering,Low,72,99,Missing risk assessment,1/10/2023,0,0,0.36
760,1059,Engineering,High,37,87,Poor mitigation plan,8/1/2023,0,1,0.92
761,1049,Maintenance,Low,17,86,Missing risk assessment,7/31/2023,0,0,0.21
762,1027,Maintenance,Medium,88,94,Poor mitigation plan,4/22/2023,0,1,0.99
763,1091,Maintenance,High,58,100,Late submission,1/8/2023,0,1,0.94
764,1040,Engineering,High,11,57,No issue,2/5/2023,1,1,0.9
765,1099,Engineering,Medium,83,90,No issue,8/9/2023,0,1,0.91
766,1063,Maintenance,High,18,98,Poor mitigation plan,4/16/2023,0,0,0.4
767,1026,Quality,High,23,84,No issue,7/23/2023,0,0,0.5
768,1062,Quality,Medium,58,100,Late submission,1/14/2023,0,0,0.5
769,1016,Safety,Medium,24,60,No issue,8/28/2023,1,1,0.81
770,1072,Operations,Medium,33,73,Late submission,7/1/2023,0,0,0.3
771,1032,Quality,Medium,28,98,Missing risk assessment,8/1/2023,0,1,0.7
772,1083,Engineering,Medium,86,70,Late submission,3/27/2023,0,0,0.34
773,1076,Quality,Medium,67,100,Incomplete description,5/29/2023,0,1,0.93
774,1091,Safety,Low,78,51,Incomplete description,8/24/2023,1,0,0.69
775,1028,Safety,Low,61,89,Incomplete description,2/19/2023,0,1,0.83
776,1012,Operations,Low,12,68,Poor mitigation plan,8/10/2023,1,0,0.2
777,1045,Quality,Low,66,88,Poor mitigation plan,6/16/2023,0,0,0.08
778,1034,Engineering,Low,33,77,Poor mitigation plan,1/20/2023,0,1,0.76
779,1005,Engineering,Medium,78,66,Late submission,8/4/2023,1,1,0.79
780,1081,Maintenance,Low,21,55,Poor mitigation plan,3/28/2023,1,0,0.17
781,1068,Engineering,High,70,68,Missing risk assessment,5/15/2023,1,0,0.57
782,1046,Operations,Low,10,87,Incomplete description,5/17/2023,0,1,0.99
783,1024,Operations,Low,62,77,Late submission,5/9/2023,0,1,0.81
784,1065,Engineering,Medium,73,51,Incomplete description,6/3/2023,1,0,0.21
785,1009,Engineering,Medium,32,87,Poor mitigation plan,6/15/2023,0,0,0.64
786,1055,Maintenance,Low,66,86,Late submission,2/7/2023,0,0,0.33
787,1029,Engineering,High,45,100,No issue,7/8/2023,0,0,0.16
788,1004,Maintenance,High,73,53,Missing risk assessment,2/13/2023,1,1,0.92
789,1032,Maintenance,Low,86,71,Poor mitigation plan,3/27/2023,0,0,0.05
790,1064,Engineering,Low,88,75,Poor mitigation plan,2/13/2023,0,0,0.18
791,1017,Safety,High,45,98,Missing risk assessment,3/15/2023,0,0,0.34
792,1095,Safety,Medium,53,92,Missing risk assessment,4/29/2023,0,1,0.79
793,1048,Maintenance,Medium,53,85,No issue,7/9/2023,0,1,0.84
794,1010,Engineering,High,80,62,Poor mitigation plan,5/2/2023,1,0,0.63
795,1084,Safety,Low,75,81,Poor mitigation plan,5/14/2023,0,0,0.25
796,1025,Engineering,Medium,7,66,Incomplete description,5/25/2023,1,0,0.64
797,1062,Engineering,Low,14,90,Late submission,2/20/2023,0,0,0.32
798,1088,Engineering,Medium,39,85,Late submission,2/7/2023,0,0,0.5
799,1085,Quality,Medium,84,95,Incomplete description,6/1/2023,0,0,0.4
800,1058,Engineering,Medium,6,68,Late submission,2/20/2023,1,0,0.58
801,1026,Quality,Low,28,84,Missing risk assessment,1/10/2023,0,0,0.2
802,1048,Maintenance,Low,78,95,Late submission,4/30/2023,0,0,0.68
803,1076,Safety,Medium,42,89,Late submission,7/19/2023,0,0,0.13
804,1032,Safety,Medium,26,77,Incomplete description,5/29/2023,0,0,0.54
805,1097,Safety,Medium,30,50,No issue,3/11/2023,1,0,0.3
806,1098,Safety,Low,47,91,Late submission,3/26/2023,0,0,0.48
807,1000,Safety,High,59,67,Late submission,2/26/2023,1,0,0.14
808,1020,Safety,Low,43,97,No issue,5/6/2023,0,0,0.39
809,1054,Safety,High,33,89,Incomplete description,2/8/2023,0,1,0.79
810,1005,Maintenance,Low,24,82,No issue,8/4/2023,0,1,0.98
811,1091,Engineering,Medium,45,61,Incomplete description,2/2/2023,1,1,0.99
812,1080,Operations,Low,58,57,Missing risk assessment,7/6/2023,1,1,0.7
813,1068,Quality,High,24,73,Incomplete description,1/18/2023,0,0,0.36
814,1094,Operations,Medium,23,65,Missing risk assessment,7/3/2023,1,1,0.74
815,1004,Operations,Low,88,99,Missing risk assessment,8/8/2023,0,1,0.81
816,1002,Engineering,Low,70,53,Incomplete description,2/26/2023,1,0,0.15
817,1052,Engineering,Low,34,87,Poor mitigation plan,4/6/2023,0,0,0.45
818,1022,Engineering,Low,57,93,Incomplete description,7/23/2023,0,0,0.61
819,1052,Safety,High,38,76,Late submission,2/17/2023,0,0,0.36
820,1036,Maintenance,Medium,26,58,Late submission,2/11/2023,1,0,0.18
821,1073,Safety,Medium,71,96,Poor mitigation plan,1/27/2023,0,0,0.09
822,1073,Maintenance,Medium,10,65,Missing risk assessment,3/15/2023,1,0,0.6
823,1082,Maintenance,Medium,83,61,Poor mitigation plan,4/20/2023,1,0,0.55
824,1016,Operations,Low,31,80,Late submission,6/29/2023,0,0,0.64
825,1084,Operations,Low,14,73,Poor mitigation plan,6/19/2023,0,0,0.02
826,1077,Maintenance,Medium,77,63,Incomplete description,2/1/2023,1,0,0.32
827,1072,Maintenance,High,52,94,Poor mitigation plan,8/22/2023,0,1,0.74
828,1000,Safety,Low,74,74,Missing risk assessment,1/26/2023,0,1,0.71
829,1050,Safety,Low,63,83,Incomplete description,1/25/2023,0,0,0.55
830,1044,Operations,Medium,63,52,No issue,3/16/2023,1,1,0.77
831,1076,Engineering,High,6,73,Late submission,1/23/2023,0,0,0.25
832,1003,Maintenance,Low,33,91,Late submission,8/14/2023,0,0,0.56
833,1061,Safety,Medium,72,58,Poor mitigation plan,2/26/2023,1,0,0.55
834,1064,Operations,High,69,75,Incomplete description,6/29/2023,0,0,0.36
835,1031,Safety,Low,87,69,No issue,8/20/2023,1,0,0.17
836,1033,Maintenance,Low,30,89,Incomplete description,5/6/2023,0,0,0.23
837,1091,Maintenance,Medium,14,59,Late submission,3/28/2023,1,0,0.21
838,1094,Quality,High,57,68,Incomplete description,8/9/2023,1,0,0.06
839,1071,Engineering,Low,83,52,No issue,1/31/2023,1,0,0.25
840,1038,Quality,Medium,63,73,Poor mitigation plan,3/5/2023,0,0,0.33
841,1025,Operations,Medium,26,54,Missing risk assessment,7/18/2023,1,1,0.82
842,1033,Safety,Medium,55,52,Incomplete description,8/20/2023,1,0,0.26
843,1053,Operations,Medium,52,76,Missing risk assessment,2/2/2023,0,1,0.87
844,1002,Maintenance,Medium,25,65,Late submission,8/1/2023,1,1,0.8
845,1049,Quality,Medium,26,98,Poor mitigation plan,1/2/2023,0,1,0.99
846,1011,Quality,Medium,34,64,Poor mitigation plan,1/18/2023,1,0,0.38
847,1064,Quality,Medium,29,84,Incomplete description,6/24/2023,0,0,0.18
848,1053,Operations,Medium,32,61,Poor mitigation plan,6/10/2023,1,0,0.05
849,1004,Maintenance,High,69,90,Incomplete description,8/17/2023,0,0,0.32
850,1093,Safety,Low,49,93,Incomplete description,8/14/2023,0,1,0.88
851,1093,Safety,High,72,75,Missing risk assessment,3/25/2023,0,0,0.45
852,1056,Operations,High,11,96,Poor mitigation plan,2/4/2023,0,0,0.53
853,1016,Quality,Low,53,83,Incomplete description,6/28/2023,0,0,0.51
854,1046,Engineering,Medium,13,72,Missing risk assessment,4/24/2023,0,0,0.15
855,1022,Operations,Medium,40,80,No issue,5/26/2023,0,0,0.02
856,1078,Operations,Low,87,99,Missing risk assessment,4/20/2023,0,0,0.65
857,1084,Maintenance,Low,5,69,Missing risk assessment,3/29/2023,1,0,0.2
858,1013,Safety,Low,14,61,Incomplete description,3/13/2023,1,1,0.84
859,1065,Operations,Low,40,72,Late submission,5/5/2023,0,0,0.15
860,1074,Operations,High,77,53,Late submission,1/30/2023,1,0,0.39
861,1050,Quality,Low,50,72,Late submission,6/21/2023,0,0,0.35
862,1037,Quality,High,36,97,Missing risk assessment,2/22/2023,0,0,0.57
863,1063,Engineering,Medium,36,97,Incomplete description,5/18/2023,0,0,0.49
864,1097,Maintenance,High,10,50,Poor mitigation plan,3/28/2023,1,0,0.42
865,1037,Engineering,Medium,52,74,Missing risk assessment,6/29/2023,0,0,0.03
866,1049,Quality,Low,42,51,Missing risk assessment,6/26/2023,1,1,0.77
867,1097,Safety,Medium,21,79,Incomplete description,5/19/2023,0,0,0.65
868,1081,Quality,Low,78,52,No issue,7/13/2023,1,0,0.28
869,1029,Maintenance,Medium,31,70,Missing risk assessment,7/5/2023,0,0,0.24
870,1078,Quality,High,58,74,No issue,8/6/2023,0,0,0.19
871,1090,Maintenance,Low,54,69,No issue,6/13/2023,1,0,0.6
872,1050,Maintenance,Low,39,98,Late submission,6/10/2023,0,1,0.79
873,1062,Maintenance,Medium,89,71,Incomplete description,6/24/2023,0,0,0.54
874,1097,Maintenance,High,29,70,No issue,1/13/2023,0,0,0.12
875,1051,Maintenance,Medium,32,82,Incomplete description,2/9/2023,0,0,0.13
876,1037,Safety,Low,19,87,Late submission,3/30/2023,0,1,0.94
877,1096,Engineering,Medium,8,64,Incomplete description,3/9/2023,1,0,0.2
878,1087,Operations,Low,77,95,Missing risk assessment,2/11/2023,0,1,0.7
879,1078,Engineering,Medium,31,64,No issue,5/27/2023,1,0,0.11
880,1029,Maintenance,High,30,95,Incomplete description,7/29/2023,0,1,0.79
881,1050,Safety,Medium,23,74,Poor mitigation plan,8/17/2023,0,1,0.97
882,1080,Quality,High,21,70,Incomplete description,4/4/2023,0,0,0.59
883,1004,Safety,Low,47,73,No issue,1/19/2023,0,0,0.1
884,1028,Maintenance,Medium,45,54,Late submission,7/5/2023,1,0,0.6
885,1003,Safety,High,46,55,Late submission,1/23/2023,1,1,0.74
886,1009,Safety,Low,54,98,No issue,2/23/2023,0,0,0.02
887,1055,Maintenance,High,88,92,Missing risk assessment,7/27/2023,0,1,0.95
888,1016,Safety,Low,44,97,Missing risk assessment,3/6/2023,0,0,0.56
889,1073,Operations,Medium,43,93,Late submission,5/20/2023,0,1,0.76
890,1016,Operations,High,27,96,Late submission,1/24/2023,0,0,0.65
891,1083,Safety,Medium,56,72,No issue,2/3/2023,0,0,0.39
892,1087,Quality,Low,51,53,Missing risk assessment,2/22/2023,1,1,0.93
893,1068,Maintenance,Medium,67,76,Late submission,5/16/2023,0,0,0.32
894,1033,Operations,Medium,73,67,Missing risk assessment,1/18/2023,1,0,0.05
895,1005,Quality,High,47,70,Late submission,2/26/2023,0,1,1
896,1052,Safety,Medium,52,77,Incomplete description,4/22/2023,0,0,0.57
897,1065,Quality,Low,38,84,Poor mitigation plan,1/5/2023,0,1,0.72
898,1076,Engineering,Medium,44,71,Incomplete description,6/3/2023,0,0,0.42
899,1042,Operations,Medium,79,89,Late submission,6/7/2023,0,0,0.33
900,1074,Safety,Medium,65,72,Poor mitigation plan,7/1/2023,0,0,0.19
901,1022,Maintenance,Medium,54,52,Poor mitigation plan,1/13/2023,1,0,0.3
902,1054,Safety,High,71,89,Late submission,3/24/2023,0,1,0.74
903,1079,Maintenance,Medium,66,99,Late submission,1/29/2023,0,0,0.37
904,1094,Safety,Medium,62,59,Missing risk assessment,1/3/2023,1,1,0.74
905,1074,Quality,Low,37,74,Late submission,3/31/2023,0,1,0.79
906,1015,Quality,Low,79,98,No issue,4/14/2023,0,1,0.87
907,1007,Quality,Low,20,57,Late submission,5/3/2023,1,0,0.51
908,1003,Engineering,Low,86,60,No issue,7/5/2023,1,0,0.03
909,1003,Maintenance,Medium,52,54,Late submission,3/17/2023,1,0,0.08
910,1055,Quality,Medium,14,94,Missing risk assessment,5/10/2023,0,0,0.04
911,1024,Engineering,Medium,86,86,No issue,7/22/2023,0,0,0.02
912,1066,Maintenance,High,42,94,Incomplete description,4/18/2023,0,0,0.11
913,1095,Safety,High,23,87,No issue,6/5/2023,0,1,0.89
914,1066,Engineering,High,40,78,Missing risk assessment,3/23/2023,0,0,0.63
915,1026,Operations,Medium,63,54,No issue,3/18/2023,1,0,0.47
916,1092,Engineering,Medium,67,58,Late submission,8/17/2023,1,1,0.87
917,1031,Engineering,Medium,81,97,Late submission,8/2/2023,0,1,0.71
918,1049,Maintenance,Low,50,51,Missing risk assessment,7/23/2023,1,0,0.52
919,1060,Safety,Low,7,50,Poor mitigation plan,1/2/2023,1,1,0.75
920,1050,Operations,High,78,89,Late submission,5/7/2023,0,0,0.14
921,1018,Quality,High,69,100,Incomplete description,8/17/2023,0,1,0.86
922,1020,Quality,Low,12,79,Missing risk assessment,5/15/2023,0,0,0.41
923,1004,Engineering,Medium,55,60,No issue,1/26/2023,1,0,0.53
924,1081,Maintenance,High,85,77,No issue,8/6/2023,0,0,0.1
925,1091,Maintenance,Low,77,93,Incomplete description,3/29/2023,0,0,0.66
926,1041,Quality,Low,10,61,Late submission,7/23/2023,1,0,0.46
927,1060,Operations,High,43,88,Missing risk assessment,1/16/2023,0,0,0.47
928,1021,Safety,Medium,64,75,Incomplete description,5/31/2023,0,0,0.09
929,1020,Operations,Low,32,62,Late submission,6/17/2023,1,1,0.84
930,1069,Safety,Medium,58,57,Missing risk assessment,7/7/2023,1,0,0.47
931,1000,Quality,High,41,77,No issue,3/14/2023,0,0,0.04
932,1004,Safety,Medium,13,79,Missing risk assessment,2/1/2023,0,0,0.58
933,1011,Maintenance,Low,86,58,Poor mitigation plan,1/15/2023,1,1,0.73
934,1089,Engineering,Low,60,88,Missing risk assessment,8/17/2023,0,0,0.67
935,1045,Engineering,Medium,63,80,Poor mitigation plan,5/21/2023,0,0,0.32
936,1033,Quality,Medium,89,70,Missing risk assessment,1/5/2023,0,0,0.36
937,1048,Maintenance,Medium,6,96,Poor mitigation plan,7/22/2023,0,0,0.66
938,1077,Operations,Low,65,83,No issue,3/15/2023,0,0,0.1
939,1089,Maintenance,High,62,80,Late submission,2/21/2023,0,0,0.17
940,1044,Engineering,Low,64,74,Poor mitigation plan,3/18/2023,0,0,0.59
941,1026,Engineering,Low,44,61,Poor mitigation plan,6/18/2023,1,0,0.21
942,1072,Maintenance,Low,40,50,No issue,6/30/2023,1,0,0.63
943,1025,Maintenance,Low,41,71,Poor mitigation plan,4/20/2023,0,0,0.27
944,1046,Engineering,Medium,83,89,Incomplete description,6/27/2023,0,0,0.52
945,1085,Operations,Medium,22,86,No issue,5/23/2023,0,0,0.35
946,1055,Quality,Low,67,96,Incomplete description,4/16/2023,0,0,0.23
947,1093,Quality,Medium,26,50,No issue,5/7/2023,1,0,0.51
948,1062,Maintenance,Low,15,50,Poor mitigation plan,1/7/2023,1,1,0.89
949,1047,Quality,Medium,62,91,Incomplete description,2/9/2023,0,0,0.46
950,1060,Engineering,High,61,91,Poor mitigation plan,6/5/2023,0,0,0.43
951,1080,Engineering,Low,81,70,No issue,6/9/2023,0,0,0.54
952,1025,Maintenance,Medium,8,64,Poor mitigation plan,4/9/2023,1,0,0.26
953,1035,Maintenance,Low,11,66,Incomplete description,5/23/2023,1,0,0.12
954,1000,Maintenance,Low,65,71,Incomplete description,8/28/2023,0,0,0.11
955,1007,Operations,Low,58,87,Poor mitigation plan,8/16/2023,0,0,0.68
956,1098,Quality,Medium,72,84,Missing risk assessment,3/26/2023,0,0,0.01
957,1051,Maintenance,Medium,83,94,No issue,7/17/2023,0,0,0.17
958,1078,Safety,Low,5,65,No issue,3/6/2023,1,0,0.41
959,1046,Safety,High,59,57,Poor mitigation plan,5/12/2023,1,0,0.33
960,1055,Engineering,Medium,7,96,Missing risk assessment,1/11/2023,0,0,0.17
961,1085,Quality,High,82,66,Incomplete description,4/18/2023,1,1,0.95
962,1013,Maintenance,Medium,42,66,Late submission,1/26/2023,1,0,0.18
963,1089,Safety,Medium,5,75,Late submission,7/8/2023,0,0,0.03
964,1027,Quality,Low,42,62,Poor mitigation plan,6/14/2023,1,1,0.87
965,1086,Engineering,Low,89,66,Missing risk assessment,5/31/2023,1,1,0.96
966,1077,Operations,High,33,87,Missing risk assessment,8/9/2023,0,1,0.71
967,1087,Quality,Low,9,66,No issue,3/26/2023,1,1,0.96
968,1001,Quality,High,78,97,Incomplete description,8/28/2023,0,0,0.21
969,1025,Operations,Medium,25,63,Missing risk assessment,8/25/2023,1,0,0.15
970,1013,Quality,Low,75,94,Late submission,8/25/2023,0,1,0.95
971,1058,Engineering,Low,71,55,Incomplete description,8/7/2023,1,0,0.22
972,1055,Engineering,Low,51,84,Incomplete description,8/19/2023,0,0,0.34
973,1006,Operations,High,88,95,Poor mitigation plan,6/17/2023,0,1,0.85
974,1002,Maintenance,Medium,87,63,Missing risk assessment,7/24/2023,1,0,0.67
975,1022,Safety,Low,39,96,Poor mitigation plan,5/31/2023,0,0,0.08
976,1017,Maintenance,Low,72,57,Missing risk assessment,5/3/2023,1,0,0.04
977,1037,Quality,Low,73,64,No issue,5/24/2023,1,1,0.73
978,1098,Safety,Medium,5,76,Poor mitigation plan,8/10/2023,0,0,0.43
979,1014,Operations,Low,72,62,Poor mitigation plan,7/8/2023,1,0,0.3
980,1063,Operations,High,16,98,Late submission,3/9/2023,0,0,0.56
981,1088,Safety,Low,64,80,Poor mitigation plan,4/14/2023,0,1,0.83
982,1027,Engineering,Low,31,84,Missing risk assessment,3/21/2023,0,1,0.91
983,1073,Safety,Medium,60,55,Late submission,6/8/2023,1,1,0.9
984,1038,Quality,Medium,27,54,Poor mitigation plan,2/22/2023,1,0,0.24
985,1056,Engineering,High,29,71,Poor mitigation plan,4/16/2023,0,0,0.55
986,1016,Operations,Medium,25,98,No issue,6/2/2023,0,0,0.27
987,1085,Safety,Low,65,72,Poor mitigation plan,2/13/2023,0,0,0.16
988,1089,Maintenance,Medium,67,74,Incomplete description,5/20/2023,0,0,0.29
989,1043,Maintenance,Low,56,83,Late submission,3/31/2023,0,0,0.18
990,1024,Quality,Low,29,75,Incomplete description,4/11/2023,0,0,0.19
991,1016,Maintenance,High,59,96,Late submission,8/28/2023,0,1,0.77
992,1012,Safety,Medium,50,54,No issue,4/7/2023,1,0,0.56
993,1083,Safety,High,36,75,Poor mitigation plan,8/8/2023,0,0,0.55
994,1024,Maintenance,Medium,59,69,Poor mitigation plan,1/9/2023,1,0,0.03
995,1067,Safety,Medium,9,55,Poor mitigation plan,1/12/2023,1,1,0.9
996,1009,Quality,Low,40,55,Late submission,3/10/2023,1,0,0.28
997,1066,Engineering,Low,53,99,Poor mitigation plan,7/1/2023,0,1,0.91
998,1017,Quality,High,62,67,Incomplete description,7/1/2023,1,0,0.1
999,1099,Quality,Low,43,53,Poor mitigation plan,1/28/2023,1,1,0.74
1000,1085,Safety,High,84,66,No issue,2/25/2023,1,1,0.93
